"#4C4F56","Abbey"
"#1B1404","Acadia"
"#7CB0A1","Acapulco"
"#C9FFE5","Aero Blue"
"#714693","Affair"
"#D4C4A8","Akaroa"
"#FAFAFA","Alabaster"
"#F5E9D3","Albescent White"
"#93DFB8","Algae Green"
"#F0F8FF","Alice Blue"
"#E32636","Alizarin Crimson"
"#0076A3","Allports"
"#907B71","Almond Frost"
"#EED9C4","Almond"
"#AF8F2C","Alpine"
"#DBDBDB","Alto"
"#A9ACB6","Aluminium"
"#E52B50","Amaranth"
"#3B7A57","Amazon"
"#FFBF00","Amber"
"#87756E","Americano"
"#9966CC","Amethyst"
"#A397B4","Amethyst Smoke"
"#F9EAF3","Amour"
"#7B9F80","Amulet"
"#9DE5FF","Anakiwa"
"#704A07","Antique Bronze"
"#C88A65","Antique Brass"
"#E0B646","Anzac"
"#DFBE6F","Apache"
"#AF4D43","Apple Blossom"
"#E2F3EC","Apple Green"
"#4FA83D","Apple"
"#EB9373","Apricot"
"#FBCEB1","Apricot Peach"
"#FFFEEC","Apricot White"
"#00FFFF","Aqua / Cyan"
"#014B43","Aqua Deep"
"#5FA777","Aqua Forest"
"#EDF5F5","Aqua Haze"
"#A1DAD7","Aqua Island"
"#E8F5F2","Aqua Squeeze"
"#EAF9F5","Aqua Spring"
"#71D9E2","Aquamarine Blue"
"#7FFFD4","Aquamarine"
"#110C6C","Arapawa"
"#433E37","Armadillo"
"#948771","Arrowtown"
"#C6C3B5","Ash"
"#7BA05B","Asparagus"
"#130A06","Asphalt"
"#FAEAB9","Astra"
"#327DA0","Astral"
"#013E62","Astronaut Blue"
"#283A77","Astronaut"
"#EEF0F3","Athens Gray"
"#ECEBCE","Aths Special"
"#97CD2D","Atlantis"
"#0A6F75","Atoll"
"#FF9966","Atomic Tangerine"
"#97605D","Au Chico"
"#3B0910","Aubergine"
"#F5FFBE","Australian Mint"
"#888D65","Avocado"
"#4E6649","Axolotl"
"#F7C8DA","Azalea"
"#0D1C19","Aztec"
"#007FFF","Azure Radiance"
"#315BA1","Azure"
"#E0FFFF","Baby Blue"
"#026395","Bahama Blue"
"#A5CB0C","Bahia"
"#FFF8D1","Baja White"
"#859FAF","Bali Hai"
"#2A2630","Baltic Sea"
"#DA6304","Bamboo"
"#FBE7B2","Banana Mania"
"#858470","Bandicoot"
"#DED717","Barberry"
"#A68B5B","Barley Corn"
"#FFF4CE","Barley White"
"#44012D","Barossa"
"#292130","Bastille"
"#828F72","Battleship Gray"
"#7DA98D","Bay Leaf"
"#273A81","Bay of Many"
"#98777B","Bazaar"
"#3D0C02","Bean  "
"#EEC1BE","Beauty Bush"
"#926F5B","Beaver"
"#FEF2C7","Beeswax"
"#F5F5DC","Beige"
"#6B8BA2","Bermuda Gray"
"#7DD8C6","Bermuda"
"#DEE5C0","Beryl Green"
"#FCFBF3","Bianca"
"#162A40","Big Stone"
"#327C14","Bilbao"
"#B2A1EA","Biloba Flower"
"#373021","Birch"
"#D4CD16","Bird Flower"
"#1B3162","Biscay"
"#497183","Bismark"
"#C1B7A4","Bison Hide"
"#3D2B1F","Bistre"
"#868974","Bitter"
"#CAE00D","Bitter Lemon"
"#FE6F5E","Bittersweet"
"#EEDEDA","Bizarre"
"#041322","Black Pearl"
"#081910","Black Bean"
"#0A001C","Black Russian"
"#0B1304","Black Forest"
"#0D0332","Black Rock"
"#242E16","Black Olive"
"#3E2C1C","Black Marlin"
"#67032D","Black Rose"
"#F2FAFA","Black Squeeze"
"#F6F7F7","Black Haze"
"#FFFEF6","Black White"
"#000000","Black"
"#4D0135","Blackberry"
"#32293A","Blackcurrant"
"#FF6600","Blaze Orange"
"#2C2133","Bleached Cedar"
"#FEF3D8","Bleach White"
"#A3E3ED","Blizzard Blue"
"#DCB4BC","Blossom"
"#496679","Blue Bayoux"
"#9999CC","Blue Bell"
"#010D1A","Blue Charcoal"
"#0C8990","Blue Chill"
"#F1E9FF","Blue Chalk"
"#204852","Blue Dianne"
"#380474","Blue Diamond"
"#2C0E8C","Blue Gem"
"#BFBED8","Blue Haze"
"#017987","Blue Lagoon"
"#7666C6","Blue Marguerite"
"#0066FF","Blue Ribbon"
"#D2F6DE","Blue Romance"
"#016162","Blue Stone"
"#748881","Blue Smoke"
"#6456B7","Blue Violet"
"#042E4C","Blue Whale"
"#13264D","Blue Zodiac"
"#0000FF","Blue"
"#18587A","Blumine"
"#FF6FFF","Blush Pink"
"#B44668","Blush"
"#AFB1B8","Bombay"
"#E5E0E1","Bon Jour"
"#0095B6","Bondi Blue"
"#E4D1C0","Bone"
"#5C0120","Bordeaux"
"#4E2A5A","Bossanova"
"#3B91B4","Boston Blue"
"#C7DDE5","Botticelli"
"#093624","Bottle Green"
"#7A7A7A","Boulder"
"#AE809E","Bouquet"
"#BA6F1E","Bourbon"
"#4A2A04","Bracken"
"#BB8983","Brandy Rose"
"#CD8429","Brandy Punch"
"#DEC196","Brandy"
"#5DA19F","Breaker Bay"
"#C62D42","Brick Red"
"#FFFAF4","Bridal Heath"
"#FEF0EC","Bridesmaid"
"#08E8DE","Bright Turquoise"
"#3C4151","Bright Gray"
"#66FF00","Bright Green"
"#B10000","Bright Red"
"#FED33C","Bright Sun"
"#FB607F","Brink Pink"
"#ABA196","Bronco"
"#3F2109","Bronze"
"#4D400F","Bronzetone"
"#4E420C","Bronze Olive"
"#FFEC13","Broom"
"#37290E","Brown Tumbleweed"
"#401801","Brown Pod"
"#492615","Brown Derby"
"#592804","Brown Bramble"
"#AF593E","Brown Rust"
"#964B00","Brown"
"#E7FEFF","Bubbles"
"#622F30","Buccaneer"
"#A8AE9C","Bud"
"#C1A004","Buddha Gold"
"#F0DC82","Buff"
"#480607","Bulgarian Rose"
"#864D1E","Bull Shot"
"#0D1117","Bunker"
"#151F4C","Bunting"
"#900020","Burgundy"
"#002E20","Burnham"
"#D99376","Burning Sand"
"#FF7034","Burning Orange"
"#420303","Burnt Maroon"
"#8A3324","Burnt Umber"
"#CC5500","Burnt Orange"
"#E97451","Burnt Sienna"
"#0D2E1C","Bush"
"#624E9A","Butterfly Bush"
"#A1750D","Buttered Rum"
"#F3AD16","Buttercup"
"#FFF1B5","Buttermilk"
"#FFFCEA","Buttery White"
"#4D0A18","Cab Sav"
"#D94972","Cabaret"
"#3F4C3A","Cabbage Pont"
"#587156","Cactus"
"#A9B2C3","Cadet Blue"
"#B04C6A","Cadillac"
"#6F440C","Cafe Royale"
"#E0C095","Calico"
"#FE9D04","California"
"#31728D","Calypso"
"#00581A","Camarone"
"#893456","Camelot"
"#D9B99B","Cameo"
"#3C3910","Camouflage"
"#78866B","Camouflage Green"
"#D591A4","Can Can"
"#F3FB62","Canary"
"#FCD917","Candlelight"
"#FBEC5D","Candy Corn"
"#251706","Cannon Black"
"#894367","Cannon Pink"
"#3C4443","Cape Cod"
"#FEE5AC","Cape Honey"
"#A26645","Cape Palliser"
"#DCEDB4","Caper"
"#FFDDAF","Caramel"
"#EEEEE8","Cararra"
"#01361C","Cardin Green"
"#8C055E","Cardinal Pink"
"#C41E3A","Cardinal"
"#D29EAA","Careys Pink"
"#00CC99","Caribbean Green"
"#EA88A8","Carissma"
"#F3FFD8","Carla"
"#960018","Carmine"
"#5C2E01","Carnaby Tan"
"#F95A61","Carnation"
"#FFA6C9","Carnation Pink"
"#F9E0ED","Carousel Pink"
"#ED9121","Carrot Orange"
"#F8B853","Casablanca"
"#2F6168","Casal"
"#8BA9A5","Cascade"
"#E6BEA5","Cashmere"
"#ADBED1","Casper"
"#52001F","Castro"
"#062A78","Catalina Blue"
"#EEF6F7","Catskill White"
"#E3BEBE","Cavern Pink"
"#711A00","Cedar Wood Finish"
"#3E1C14","Cedar"
"#ACE1AF","Celadon"
"#B8C25D","Celery"
"#D1D2CA","Celeste"
"#1E385B","Cello"
"#163222","Celtic"
"#8D7662","Cement"
"#FCFFF9","Ceramic"
"#DA3287","Cerise"
"#DE3163","Cerise Red"
"#02A4D3","Cerulean"
"#2A52BE","Cerulean Blue"
"#FFF4F3","Chablis"
"#516E3D","Chalet Green"
"#EED794","Chalky"
"#354E8C","Chambray"
"#EDDCB1","Chamois"
"#FAECCC","Champagne"
"#F8C3DF","Chantilly"
"#292937","Charade"
"#FFCD8C","Chardonnay"
"#FFF3F1","Chardon"
"#BAEEF9","Charlotte"
"#D47494","Charm"
"#7FFF00","Chartreuse"
"#DFFF00","Chartreuse Yellow"
"#40A860","Chateau Green"
"#BDB3C7","Chatelle"
"#175579","Chathams Blue"
"#83AA5D","Chelsea Cucumber"
"#9E5302","Chelsea Gem"
"#DFCD6F","Chenin"
"#FCDA98","Cherokee"
"#2A0359","Cherry Pie"
"#651A14","Cherrywood"
"#F8D9E9","Cherub"
"#B94E48","Chestnut"
"#CD5C5C","Chestnut Rose"
"#8581D9","Chetwode Blue"
"#5D5C58","Chicago"
"#F1FFC8","Chiffon"
"#F77703","Chilean Fire"
"#FFFDE6","Chilean Heath"
"#FCFFE7","China Ivory"
"#CEC7A7","Chino"
"#A8E3BD","Chinook"
"#370202","Chocolate"
"#33036B","Christalle"
"#67A712","Christi"
"#E7730A","Christine"
"#E8F1D4","Chrome White"
"#0E0E18","Cinder"
"#FDE1DC","Cinderella"
"#E34234","Cinnabar"
"#7B3F00","Cinnamon"
"#55280C","Cioccolato"
"#FAF7D6","Citrine White"
"#9EA91F","Citron"
"#A1C50A","Citrus"
"#480656","Clairvoyant"
"#D4B6AF","Clam Shell"
"#7F1734","Claret"
"#FBCCE7","Classic Rose"
"#BDC8B3","Clay Ash"
"#8A8360","Clay Creek"
"#E9FFFD","Clear Day"
"#E96E00","Clementine"
"#371D09","Clinker"
"#202E54","Cloud Burst"
"#C7C4BF","Cloud"
"#ACA59F","Cloudy"
"#384910","Clover"
"#0047AB","Cobalt"
"#301F1E","Cocoa Brown"
"#481C1C","Cocoa Bean"
"#F8F7DC","Coconut Cream"
"#0B0B0B","Cod Gray"
"#2A140E","Coffee Bean"
"#706555","Coffee"
"#9F381D","Cognac"
"#3F2500","Cola"
"#ABA0D9","Cold Purple"
"#CEBABA","Cold Turkey"
"#FFEDBC","Colonial White"
"#5C5D75","Comet"
"#517C66","Como"
"#C9D9D2","Conch"
"#7C7B7A","Concord"
"#F2F2F2","Concrete"
"#E9D75A","Confetti"
"#593737","Congo Brown"
"#02478E","Congress Blue"
"#ACDD4D","Conifer"
"#C6726B","Contessa"
"#7E3A15","Copper Canyon"
"#944747","Copper Rust"
"#996666","Copper Rose"
"#B87333","Copper"
"#DA8A67","Copperfield"
"#A86B6B","Coral Tree"
"#C7BCA2","Coral Reef"
"#FF4040","Coral Red"
"#FF7F50","Coral"
"#606E68","Corduroy"
"#C4D0B0","Coriander"
"#40291D","Cork"
"#F8FACD","Corn Field"
"#8B6B0B","Corn Harvest"
"#E7BF05","Corn"
"#6495ED","Cornflower Blue"
"#93CCEA","Cornflower"
"#FFB0AC","Cornflower Lilac"
"#FAD3A2","Corvette"
"#76395D","Cosmic"
"#FFD8D9","Cosmos"
"#615D30","Costa Del Sol"
"#C2BDB6","Cotton Seed"
"#FFB7D5","Cotton Candy"
"#01371A","County Green"
"#4D282D","Cowboy"
"#B95140","Crail"
"#DB5079","Cranberry"
"#462425","Crater Brown"
"#F5C85C","Cream Can"
"#FFE5A0","Cream Brulee"
"#FFFDD0","Cream"
"#1E0F04","Creole"
"#737829","Crete"
"#DC143C","Crimson"
"#736D58","Crocodile"
"#771F1F","Crown of Thorns"
"#1C1208","Crowshead"
"#B5ECDF","Cruise"
"#004816","Crusoe"
"#FD7B33","Crusta"
"#924321","Cumin"
"#FDFFD5","Cumulus"
"#FBBEDA","Cupid"
"#2596D1","Curious Blue"
"#507672","Cutty Sark"
"#003E40","Cyprus"
"#012731","Daintree"
"#F9E4BC","Dairy Cream"
"#4F2398","Daisy Bush"
"#6E4B26","Dallas"
"#FED85D","Dandelion"
"#6093D1","Danube"
"#0000C8","Dark Blue"
"#770F05","Dark Burgundy"
"#3C2005","Dark Ebony"
"#0A480D","Dark Fern"
"#661010","Dark Tan"
"#F3E9E5","Dawn Pink"
"#A6A29A","Dawn"
"#7AC488","De York"
"#D2DA97","Deco"
"#220878","Deep Blue"
"#4A3004","Deep Bronze"
"#E47698","Deep Blush"
"#007BA7","Deep Cerulean"
"#051040","Deep Cove"
"#002900","Deep Fir"
"#182D09","Deep Forest Green"
"#1B127B","Deep Koamaru"
"#412010","Deep Oak"
"#01826B","Deep Sea"
"#082567","Deep Sapphire"
"#095859","Deep Sea Green"
"#003532","Deep Teal"
"#B09A95","Del Rio"
"#396413","Dell"
"#A4A49D","Delta"
"#7563A8","Deluge"
"#1560BD","Denim"
"#FFEED8","Derby"
"#AE6020","Desert"
"#EDC9AF","Desert Sand"
"#F8F8F7","Desert Storm"
"#EAFFFE","Dew"
"#DB995E","Di Serria"
"#130000","Diesel"
"#5D7747","Dingley"
"#871550","Disco"
"#E29418","Dixie"
"#1E90FF","Dodger Blue"
"#F9FF8B","Dolly"
"#646077","Dolphin"
"#8E775E","Domino"
"#5D4C51","Don Juan"
"#A69279","Donkey Brown"
"#6B5755","Dorado"
"#E6D7B9","Double Spanish White"
"#EEE3AD","Double Colonial White"
"#FCF4D0","Double Pearl Lusta"
"#6D6C6C","Dove Gray"
"#092256","Downriver"
"#6FD0C5","Downy"
"#AF8751","Driftwood"
"#FDF7AD","Drover"
"#A899E6","Dull Lavender"
"#383533","Dune"
"#E5CCC9","Dust Storm"
"#A8989B","Dusty Gray"
"#B6BAA4","Eagle"
"#C9B93B","Earls Green"
"#FFF9E6","Early Dawn"
"#414C7D","East Bay"
"#AC91CE","East Side"
"#1E9AB0","Eastern Blue"
"#E9E3E3","Ebb"
"#26283B","Ebony Clay"
"#0C0B1D","Ebony"
"#311C17","Eclipse"
"#F5F3E5","Ecru White"
"#FA7814","Ecstasy"
"#105852","Eden"
"#C8E3D7","Edgewater"
"#A2AEAB","Edward"
"#FFF4DD","Egg Sour"
"#FFEFC1","Egg White"
"#614051","Eggplant"
"#1E1708","El Paso"
"#8F3E33","El Salva"
"#8B00FF","Electric Violet"
"#CCFF00","Electric Lime"
"#123447","Elephant"
"#088370","Elf Green"
"#1C7C7D","Elm"
"#50C878","Emerald"
"#6C3082","Eminence"
"#514649","Emperor"
"#817377","Empress"
"#0056A7","Endeavour"
"#F8DD5C","Energy Yellow"
"#022D15","English Holly"
"#3E2B23","English Walnut"
"#8BA690","Envy"
"#E1BC64","Equator"
"#612718","Espresso"
"#211A0E","Eternity"
"#278A5B","Eucalyptus"
"#CFA39D","Eunry"
"#024E46","Evening Sea"
"#1C402E","Everglade"
"#427977","Faded Jade"
"#FFEFEC","Fair Pink"
"#7F626D","Falcon"
"#ECEBBD","Fall Green"
"#801818","Falu Red"
"#FAF3F0","Fantasy"
"#796A78","Fedora"
"#9FDD8C","Feijoa"
"#657220","Fern Frond"
"#4F7942","Fern Green"
"#63B76C","Fern"
"#704F50","Ferra"
"#FBE96C","Festival"
"#F0FCEA","Feta"
"#B35213","Fiery Orange"
"#626649","Finch"
"#556D56","Finlandia"
"#692D54","Finn"
"#405169","Fiord"
"#E89928","Fire Bush"
"#AA4203","Fire"
"#0E2A30","Firefly"
"#DA5B38","Flame Pea"
"#FF7D07","Flamenco"
"#F2552A","Flamingo"
"#7B8265","Flax Smoke"
"#EEDC82","Flax"
"#FFCBA4","Flesh"
"#6F6A61","Flint"
"#A2006D","Flirt"
"#CA3435","Flush Mahogany"
"#FF7F00","Flush Orange"
"#D8FCFA","Foam"
"#D7D0FF","Fog"
"#CBCAB6","Foggy Gray"
"#228B22","Forest Green"
"#FFF1EE","Forget Me Not"
"#56B4BE","Fountain Blue"
"#FFDEB3","Frangipani"
"#BDBDC6","French Gray"
"#BDEDFD","French Pass"
"#ECC7EE","French Lilac"
"#F64A8A","French Rose"
"#990066","Fresh Eggplant"
"#807E79","Friar Gray"
"#B1E2C1","Fringy Flower"
"#F57584","Froly"
"#EDF5DD","Frost"
"#DBFFF8","Frosted Mint"
"#E4F6E7","Frostee"
"#4F9D5D","Fruit Salad"
"#7A58C1","Fuchsia Blue"
"#C154C1","Fuchsia Pink"
"#FF00FF","Fuchsia / Magenta"
"#BEDE0D","Fuego"
"#ECA927","Fuel Yellow"
"#1959A8","Fun Blue"
"#016D39","Fun Green"
"#54534D","Fuscous Gray"
"#C45655","Fuzzy Wuzzy Brown"
"#163531","Gable Green"
"#EFEFEF","Gallery"
"#DCB20C","Galliano"
"#E49B0F","Gamboge"
"#D18F1B","Geebung"
"#15736B","Genoa"
"#FB8989","Geraldine"
"#D4DFE2","Geyser"
"#C7C9D5","Ghost"
"#523C94","Gigas"
"#B8B56A","Gimblet"
"#FFF9E2","Gin Fizz"
"#E8F2EB","Gin"
"#F8E4BF","Givry"
"#80B3C4","Glacier"
"#61845F","Glade Green"
"#726D4E","Go Ben"
"#3D7D52","Goblin"
"#F18200","Gold Drop"
"#E6BE8A","Gold Sand"
"#DEBA13","Gold Tips"
"#FFD700","Gold"
"#DAA520","Golden Grass"
"#E28913","Golden Bell"
"#F0D52D","Golden Dream"
"#F0DB7D","Golden Sand"
"#F5FB3D","Golden Fizz"
"#FCD667","Goldenrod"
"#FDE295","Golden Glow"
"#FFCC5C","Golden Tainoi"
"#261414","Gondola"
"#0B1107","Gordons Green"
"#FFF14F","Gorse"
"#069B81","Gossamer"
"#D2F8B0","Gossip"
"#6D92A1","Gothic"
"#2F3CB3","Governor Bay"
"#E4D5B7","Grain Brown"
"#FFD38C","Grandis"
"#8D8974","Granite Green"
"#84A0A0","Granny Smith"
"#9DE093","Granny Smith Apple"
"#D5F6E3","Granny Apple"
"#381A51","Grape"
"#251607","Graphite"
"#4A444B","Gravel"
"#465945","Gray Asparagus"
"#A2AAB3","Gray Chateau"
"#C3C3BD","Gray Nickel"
"#E7ECE6","Gray Nurse"
"#A9A491","Gray Olive"
"#C1BECD","Gray Suit"
"#808080","Gray"
"#01A368","Green Haze"
"#032B52","Green Vogue"
"#101405","Green Waterloo"
"#1D6142","Green Pea"
"#24500F","Green House"
"#25311C","Green Kelp"
"#436A0D","Green Leaf"
"#A4AF6E","Green Smoke"
"#ADFF2F","Green Yellow"
"#B8C1B1","Green Spring"
"#CBD3B0","Green Mist"
"#E8EBE0","Green White"
"#00FF00","Green"
"#D54600","Grenadier"
"#BA0101","Guardsman Red"
"#051657","Gulf Blue"
"#80B3AE","Gulf Stream"
"#9DACB7","Gull Gray"
"#B6D3BF","Gum Leaf"
"#7CA1A6","Gumbo"
"#414257","Gun Powder"
"#828685","Gunsmoke"
"#9A9577","Gurkha"
"#98811B","Hacienda"
"#6B2A14","Hairy Heath"
"#1B1035","Haiti"
"#85C4CC","Half Baked"
"#FDF6D3","Half Colonial White"
"#FEF7DE","Half Dutch White"
"#FEF4DB","Half Spanish White"
"#FFFEE1","Half and Half"
"#E5D8AF","Hampton"
"#3FFF00","Harlequin"
"#E6F2EA","Harp"
"#E0B974","Harvest Gold"
"#5590D9","Havelock Blue"
"#9D5616","Hawaiian Tan"
"#D4E2FC","Hawkes Blue"
"#541012","Heath"
"#B6B095","Heathered Gray"
"#B7C3D0","Heather"
"#2B3228","Heavy Metal"
"#DF73FF","Heliotrope"
"#5E5D3B","Hemlock"
"#907874","Hemp"
"#B6316C","Hibiscus"
"#6F8E63","Highland"
"#ACA586","Hillary"
"#6A5D1B","Himalaya"
"#E6FFE9","Hint of Green"
"#FAFDE4","Hint of Yellow"
"#FBF9F9","Hint of Red"
"#53824B","Hippie Green"
"#589AAF","Hippie Blue"
"#AE4560","Hippie Pink"
"#A1ADB5","Hit Gray"
"#FFAB81","Hit Pink"
"#C8A528","Hokey Pokey"
"#65869F","Hoki"
"#011D13","Holly"
"#F400A1","Hollywood Cerise"
"#4F1C70","Honey Flower"
"#EDFC84","Honeysuckle"
"#D06DA1","Hopbush"
"#5A87A0","Horizon"
"#604913","Horses Neck"
"#D2691E","Hot Cinnamon"
"#FF69B4","Hot Pink"
"#B38007","Hot Toddy"
"#CFF9F3","Humming Bird"
"#161D10","Hunter Green"
"#877C7B","Hurricane"
"#B7A458","Husk"
"#B1F4E7","Ice Cold"
"#DAF4F0","Iceberg"
"#F6A4C9","Illusion"
"#B0E313","Inch Worm"
"#4D1E01","Indian Tan"
"#C3B091","Indian Khaki"
"#4F69C6","Indigo"
"#C26B03","Indochine"
"#002FA7","International Klein Blue"
"#FF4F00","International Orange"
"#5F3D26","Irish Coffee"
"#433120","Iroko"
"#D4D7D9","Iron"
"#676662","Ironside Gray"
"#86483C","Ironstone"
"#FFFCEE","Island Spice"
"#FFFFF0","Ivory"
"#2E0329","Jacaranda"
"#3A2A6A","Jacarta"
"#2E1905","Jacko Bean"
"#20208D","Jacksons Purple"
"#00A86B","Jade"
"#EF863F","Jaffa"
"#C2E8E5","Jagged Ice"
"#350E57","Jagger"
"#080110","Jaguar"
"#5B3013","Jambalaya"
"#F4EBD3","Janna"
"#0A6906","Japanese Laurel"
"#780109","Japanese Maple"
"#D87C63","Japonica"
"#1FC2C2","Java"
"#A50B5E","Jazzberry Jam"
"#297B9A","Jelly Bean"
"#B5D2CE","Jet Stream"
"#126B40","Jewel"
"#3B1F1F","Jon"
"#EEFF9A","Jonquil"
"#8AB9F1","Jordy Blue"
"#544333","Judge Gray"
"#7C7B82","Jumbo"
"#29AB87","Jungle Green"
"#B4CFD3","Jungle Mist"
"#6D9292","Juniper"
"#ECCDB9","Just Right"
"#5E483E","Kabul"
"#004620","Kaitoke Green"
"#C6C8BD","Kangaroo"
"#1E1609","Karaka"
"#FFEAD4","Karry"
"#507096","Kashmir Blue"
"#454936","Kelp"
"#7C1C05","Kenyan Copper"
"#3AB09E","Keppel"
"#BFC921","Key Lime Pie"
"#F0E68C","Khaki"
"#E1EAD4","Kidnapper"
"#240C02","Kilamanjaro"
"#3A6A47","Killarney"
"#736C9F","Kimberly"
"#3E0480","Kingfisher Daisy"
"#E79FC4","Kobi"
"#6E6D57","Kokoda"
"#8F4B0E","Korma"
"#FFBD5F","Koromiko"
"#FFE772","Kournikova"
"#886221","Kumera"
"#368716","La Palma"
"#B3C110","La Rioja"
"#C6E610","Las Palmas"
"#FFFF66","Laser Lemon"
"#C8B568","Laser"
"#749378","Laurel"
"#967BB6","Lavender Purple"
"#B57EDC","Lavender"
"#BDBBD7","Lavender Gray"
"#EE82EE","Lavender Magenta"
"#FBA0E3","Lavender Rose"
"#FBAED2","Lavender Pink"
"#FFF0F5","Lavender blush"
"#967059","Leather"
"#9B9E8F","Lemon Grass"
"#AC9E22","Lemon Ginger"
"#FFFACD","Lemon Chiffon"
"#FDE910","Lemon"
"#C9A0DC","Light Wisteria"
"#E29CD2","Light Orchid"
"#FDD5B1","Light Apricot"
"#FCC01E","Lightning Yellow"
"#9874D3","Lilac Bush"
"#C8A2C8","Lilac"
"#E7F8FF","Lily White"
"#C8AABF","Lily"
"#76BD17","Lima"
"#BFFF00","Lime"
"#6F9D02","Limeade"
"#394851","Limed Spruce"
"#747D63","Limed Ash"
"#AC8A56","Limed Oak"
"#FAF0E6","Linen"
"#D9E4F5","Link Water"
"#AB0563","Lipstick"
"#423921","Lisbon Brown"
"#4D282E","Livid Brown"
"#EEF4DE","Loafer"
"#BDC9CE","Loblolly"
"#2C8C84","Lochinvar"
"#007EC7","Lochmara"
"#A8AF8E","Locust"
"#242A1D","Log Cabin"
"#AAA9CD","Logan"
"#DFCFDB","Lola"
"#BEA6C3","London Hue"
"#6D0101","Lonestar"
"#863C3C","Lotus"
"#460B41","Loulou"
"#1A1A68","Lucky Point"
"#AF9F1C","Lucky"
"#3C493A","Lunar Green"
"#A7882C","Luxor Gold"
"#697E9A","Lynch"
"#D9F7FF","Mabel"
"#FFB97B","Macaroni and Cheese"
"#B7F0BE","Madang"
"#09255D","Madison"
"#3F3002","Madras"
"#F653A6","Magenta"
"#AAF0D1","Magic Mint"
"#F8F4FF","Magnolia"
"#4E0606","Mahogany"
"#B06608","Mai Tai"
"#F5D5A0","Maize"
"#897D6D","Makara"
"#444954","Mako"
"#0BDA51","Malachite"
"#7DC8F7","Malibu"
"#233418","Mallard"
"#BDB2A1","Malta"
"#8E8190","Mamba"
"#8D90A1","Manatee"
"#AD781B","Mandalay"
"#E25465","Mandy"
"#F2C3B2","Mandys Pink"
"#E77200","Mango Tango"
"#F5C999","Manhattan"
"#74C365","Mantis"
"#8B9C90","Mantle"
"#EEEF78","Manz"
"#350036","Mardi Gras"
"#B98D28","Marigold"
"#FBE870","Marigold Yellow"
"#286ACD","Mariner"
"#520C17","Maroon Oak"
"#800000","Maroon"
"#C32148","Maroon Flush"
"#0B0F08","Marshland"
"#363050","Martinique"
"#AFA09E","Martini"
"#F8DB9D","Marzipan"
"#403B38","Masala"
"#1B659D","Matisse"
"#B05D54","Matrix"
"#4E3B41","Matterhorn"
"#E0B0FF","Mauve"
"#F091A9","Mauvelous"
"#D8C2D5","Maverick"
"#9370DB","Medium Purple"
"#AF4035","Medium Carmine"
"#E4C2D5","Melanie"
"#300529","Melanzane"
"#FEBAAD","Melon"
"#C7C1FF","Melrose"
"#E5E5E5","Mercury"
"#F6F0E6","Merino"
"#413C37","Merlin"
"#831923","Merlot"
"#49371B","Metallic Bronze"
"#71291D","Metallic Copper"
"#3C1F76","Meteorite"
"#D07D12","Meteor"
"#A72525","Mexican Red"
"#5F5F6E","Mid Gray"
"#003366","Midnight Blue"
"#011635","Midnight"
"#041004","Midnight Moss"
"#2D2510","Mikado"
"#FAFFA4","Milan"
"#B81104","Milano Red"
"#FFF6D4","Milk Punch"
"#594433","Millbrook"
"#F8FDD3","Mimosa"
"#E3F988","Mindaro"
"#323232","Mine Shaft"
"#3F5D53","Mineral Green"
"#36747D","Ming"
"#3F307F","Minsk"
"#98FF98","Mint Green"
"#F1EEC1","Mint Julep"
"#C4F4EB","Mint Tulip"
"#161928","Mirage"
"#D1D2DD","Mischka"
"#C4C4BC","Mist Gray"
"#7F7589","Mobster"
"#6E1D14","Moccaccino"
"#782D19","Mocha"
"#C04737","Mojo"
"#FFA194","Mona Lisa"
"#8B0723","Monarch"
"#4A3C30","Mondo"
"#B5A27F","Mongoose"
"#8A8389","Monsoon"
"#83D0C6","Monte Carlo"
"#C7031E","Monza"
"#7F76D3","Moody Blue"
"#FCFEDA","Moon Glow"
"#DCDDCC","Moon Mist"
"#D6CEF6","Moon Raker"
"#9EDEE0","Morning Glory"
"#441D00","Morocco Brown"
"#504351","Mortar"
"#036A6E","Mosque"
"#ADDFAD","Moss Green"
"#1AB385","Mountain Meadow"
"#959396","Mountain Mist"
"#997A8D","Mountbatten Pink"
"#B78E5C","Muddy Waters"
"#AA8B5B","Muesli"
"#5C0536","Mulberry Wood"
"#C54B8C","Mulberry"
"#8C472F","Mule Fawn"
"#4E4562","Mulled Wine"
"#FFDB58","Mustard"
"#D69188","My Pink"
"#FFB31F","My Sin"
"#E2EBED","Mystic"
"#4B5D52","Nandor"
"#ACA494","Napa"
"#EDF9F1","Narvik"
"#8B8680","Natural Gray"
"#FFDEAD","Navajo White"
"#000080","Navy Blue"
"#CBDBD6","Nebula"
"#FFE2C5","Negroni"
"#FF9933","Neon Carrot"
"#8EABC1","Nepal"
"#7CB7BB","Neptune"
"#140600","Nero"
"#646E75","Nevada"
"#F3D69D","New Orleans"
"#D7837F","New York Pink"
"#06A189","Niagara"
"#1F120F","Night Rider"
"#AA375A","Night Shadz"
"#193751","Nile Blue"
"#B7B1B1","Nobel"
"#BAB1A2","Nomad"
"#A8BD9F","Norway"
"#C59922","Nugget"
"#683600","Nutmeg Wood Finish"
"#81422C","Nutmeg"
"#FEEFCE","Oasis"
"#02866F","Observatory"
"#41AA78","Ocean Green"
"#CC7722","Ochre"
"#E6F8F3","Off Green"
"#FEF9E3","Off Yellow"
"#281E15","Oil"
"#901E1E","Old Brick"
"#724A2F","Old Copper"
"#CFB53B","Old Gold"
"#796878","Old Lavender"
"#FDF5E6","Old Lace"
"#C08081","Old Rose"
"#6B8E23","Olive Drab"
"#8B8470","Olive Haze"
"#B5B35C","Olive Green"
"#808000","Olive"
"#716E10","Olivetone"
"#9AB973","Olivine"
"#CDF4FF","Onahau"
"#2F270E","Onion"
"#A9C6C2","Opal"
"#8E6F70","Opium"
"#377475","Oracle"
"#C45719","Orange Roughy"
"#FEFCED","Orange White"
"#FF681F","Orange"
"#FFA000","Orange Peel"
"#DA70D6","Orchid"
"#FFFDF3","Orchid White"
"#9B4703","Oregon"
"#015E85","Orient"
"#C69191","Oriental Pink"
"#F3FBD4","Orinoco"
"#878D91","Oslo Gray"
"#E9F8ED","Ottoman"
"#2D383A","Outer Space"
"#FF6037","Outrageous Orange"
"#384555","Oxford Blue"
"#779E86","Oxley"
"#DAFAFF","Oyster Bay"
"#E9CECD","Oyster Pink"
"#A65529","Paarl"
"#776F61","Pablo"
"#009DC4","Pacific Blue"
"#778120","Pacifika"
"#411F10","Paco"
"#ADE6C4","Padua"
"#FFFF99","Pale Canary"
"#C0D3B9","Pale Leaf"
"#988D77","Pale Oyster"
"#FDFEB8","Pale Prim"
"#FFE1F2","Pale Rose"
"#6E7783","Pale Sky"
"#C3BFC1","Pale Slate"
"#09230F","Palm Green"
"#19330E","Palm Leaf"
"#F4F2EE","Pampas"
"#EAF6EE","Panache"
"#EDCDAB","Pancho"
"#FFEFD5","Papaya Whip"
"#8D0226","Paprika"
"#317D82","Paradiso"
"#F1E9D2","Parchment"
"#26056A","Paris M"
"#CADCD4","Paris White"
"#FFF46E","Paris Daisy"
"#134F19","Parsley"
"#77DD77","Pastel Green"
"#FFD1DC","Pastel Pink"
"#639A8F","Patina"
"#DEF5FF","Pattens Blue"
"#260368","Paua"
"#D7C498","Pavlova"
"#FADFAD","Peach Yellow"
"#FFCC99","Peach Orange"
"#FFDCD6","Peach Schnapps"
"#FFF0DB","Peach Cream"
"#FFE5B4","Peach"
"#782F16","Peanut"
"#D1E231","Pear"
"#E8E0D5","Pearl Bush"
"#FCF4DC","Pearl Lusta"
"#716B56","Peat"
"#3EABBF","Pelorous"
"#E3F5E1","Peppermint"
"#A9BEF2","Perano"
"#D0BEF8","Perfume"
"#E1E6D6","Periglacial Blue"
"#C3CDE6","Periwinkle Gray"
"#CCCCFF","Periwinkle"
"#00A693","Persian Green"
"#1C39BB","Persian Blue"
"#32127A","Persian Indigo"
"#701C1C","Persian Plum"
"#CC3333","Persian Red"
"#F77FBE","Persian Pink"
"#FE28A2","Persian Rose"
"#FF6B53","Persimmon"
"#7F3A02","Peru Tan"
"#7C7631","Pesto"
"#DB9690","Petite Orchid"
"#96A8A1","Pewter"
"#A3807B","Pharlap"
"#FFF39D","Picasso"
"#314459","Pickled Bluewood"
"#6E4826","Pickled Bean"
"#45B1E8","Picton Blue"
"#FDD7E4","Pig Pink"
"#AFBDD9","Pigeon Post"
"#4B0082","Pigment Indigo"
"#6D5E54","Pine Cone"
"#01796F","Pine Green"
"#C7CD90","Pine Glade"
"#171F04","Pine Tree"
"#E1C0C8","Pink Flare"
"#FF66FF","Pink Flamingo"
"#FFDDF4","Pink Lace"
"#FFF1D8","Pink Lady"
"#BEB5B7","Pink Swan"
"#FF91A4","Pink Salmon"
"#FFC0CB","Pink"
"#C96323","Piper"
"#FEF4CC","Pipi"
"#FFE1DF","Pippin"
"#BA7F03","Pirate Gold"
"#9DC209","Pistachio"
"#C0D8B6","Pixie Green"
"#FF9000","Pizazz"
"#C99415","Pizza"
"#27504B","Plantation"
"#843179","Plum"
"#8F021C","Pohutukawa"
"#E5F9F6","Polar"
"#8DA8CC","Polo Blue"
"#F34723","Pomegranate"
"#660045","Pompadour"
"#EFF2F3","Porcelain"
"#EAAE69","Porsche"
"#251F4F","Port Gore"
"#FFFFB4","Portafino"
"#8B9FEE","Portage"
"#F9E663","Portica"
"#F5E7E2","Pot Pourri"
"#8C5738","Potters Clay"
"#B0E0E6","Powder Blue"
"#BCC9C2","Powder Ash"
"#9A3820","Prairie Sand"
"#D0C0E5","Prelude"
"#F0E2EC","Prim"
"#EDEA99","Primrose"
"#FEF5F1","Provincial Pink"
"#003153","Prussian Blue"
"#CC8899","Puce"
"#7D2C14","Pueblo"
"#3FC1AA","Puerto Rico"
"#C2CAC4","Pumice"
"#B1610B","Pumpkin Skin"
"#FF7518","Pumpkin"
"#DC4333","Punch"
"#4D3D14","Punga"
"#652DC1","Purple Heart"
"#660099","Purple"
"#9678B6","Purple Mountain's Majesty"
"#FF00CC","Purple Pizzazz"
"#E7CD8C","Putty"
"#F7F2E1","Quarter Spanish White"
"#FFFDF4","Quarter Pearl Lusta"
"#BD978E","Quicksand"
"#D6D6D1","Quill Gray"
"#623F2D","Quincy"
"#0C1911","Racing Green"
"#FF355E","Radical Red"
"#EADAB8","Raffia"
"#B9C8AC","Rainee"
"#F7B668","Rajah"
"#2E3222","Rangitoto"
"#1C1E13","Rangoon Green"
"#727B89","Raven"
"#D27D46","Raw Sienna"
"#734A12","Raw Umber"
"#FF33CC","Razzle Dazzle Rose"
"#E30B5C","Razzmatazz"
"#3C1206","Rebel"
"#7B3801","Red Beech"
"#8E0000","Red Berry"
"#DA6A41","Red Damask"
"#860111","Red Devil"
"#FF3F34","Red Orange"
"#6E0902","Red Oxide"
"#ED0A3F","Red Ribbon"
"#80341F","Red Robin"
"#D05F04","Red Stage"
"#BB3385","Red Violet"
"#C71585","Red Violet"
"#FF0000","Red"
"#5D1E0F","Redwood"
"#9F821C","Reef Gold"
"#C9FFA2","Reef"
"#013F6A","Regal Blue"
"#86949F","Regent Gray"
"#AAD6E6","Regent St Blue"
"#FEEBF3","Remy"
"#A86515","Reno Sand"
"#002387","Resolution Blue"
"#2C1632","Revolver"
"#2E3F62","Rhino"
"#FFFEF0","Rice Cake"
"#EEFFE2","Rice Flower"
"#A85307","Rich Gold"
"#BBD009","Rio Grande"
"#F4D81C","Ripe Lemon"
"#410056","Ripe Plum"
"#8BE6D8","Riptide"
"#434C59","River Bed"
"#EAC674","Rob Roy"
"#00CCCC","Robin's Egg Blue"
"#9EB1CD","Rock Blue"
"#BA450C","Rock Spray"
"#4D3833","Rock"
"#C9B29B","Rodeo Dust"
"#747D83","Rolling Stone"
"#795D4C","Roman Coffee"
"#DE6360","Roman"
"#FFFEFD","Romance"
"#FFD2B7","Romantic"
"#ECC54E","Ronchi"
"#A62F20","Roof Terracotta"
"#8E4D1E","Rope"
"#800B47","Rose Bud Cherry"
"#FBB2A3","Rose Bud"
"#E7BCB4","Rose Fog"
"#FFF6F5","Rose White"
"#BF5500","Rose of Sharon"
"#FF007F","Rose"
"#65000B","Rosewood"
"#C6A84B","Roti"
"#A23B6C","Rouge"
"#4169E1","Royal Blue"
"#6B3FA0","Royal Purple"
"#AB3472","Royal Heath"
"#F9F8E4","Rum Swizzle"
"#796989","Rum"
"#755A57","Russett"
"#80461B","Russet"
"#B7410E","Rust"
"#480404","Rustic Red"
"#86560A","Rusty Nail"
"#4C3024","Saddle"
"#583401","Saddle Brown"
"#F4C430","Saffron"
"#F9BF58","Saffron Mango"
"#9EA587","Sage"
"#B7A214","Sahara"
"#F1E788","Sahara Sand"
"#B8E0F9","Sail"
"#097F4B","Salem"
"#FF8C69","Salmon"
"#FEDB8D","Salomie"
"#685E6E","Salt Box"
"#F1F7F2","Saltpan"
"#3A2010","Sambuca"
"#0B6207","San Felix"
"#304B6A","San Juan"
"#456CAC","San Marino"
"#826F65","Sand Dune"
"#AA8D6F","Sandal"
"#AB917A","Sandrift"
"#796D62","Sandstone"
"#F5E7A2","Sandwisp"
"#F4A460","Sandy brown"
"#FFEAC8","Sandy Beach"
"#92000A","Sangria"
"#8D3D38","Sanguine Brown"
"#B16D52","Santa Fe"
"#9FA0B1","Santas Gray"
"#DED4A4","Sapling"
"#2F519E","Sapphire"
"#555B10","Saratoga"
"#E6E4D4","Satin Linen"
"#FFF5F3","Sauvignon"
"#FFF4E0","Sazerac"
"#675FA6","Scampi"
"#CFFAF4","Scandal"
"#431560","Scarlet Gum"
"#950015","Scarlett"
"#FF2400","Scarlet"
"#585562","Scarpa Flow"
"#A9B497","Schist"
"#FFD800","School bus Yellow"
"#8B847E","Schooner"
"#0066CC","Science Blue"
"#2EBFD4","Scooter"
"#695F62","Scorpion"
"#FFFBDC","Scotch Mist"
"#66FF66","Screamin' Green"
"#FBA129","Sea Buckthorn"
"#2E8B57","Sea Green"
"#C5DBCA","Sea Mist"
"#78A39C","Sea Nymph"
"#ED989E","Sea Pink"
"#80CCEA","Seagull"
"#731E8F","Seance"
"#F1F1F1","Seashell"
"#FFF5EE","Seashell Peach"
"#1B2F11","Seaweed"
"#F0EEFD","Selago"
"#FFBA00","Selective Yellow"
"#2B0202","Sepia Black"
"#9E5B40","Sepia Skin"
"#704214","Sepia"
"#FFF4E8","Serenade"
"#837050","Shadow"
"#9AC2B8","Shadow Green"
"#AAA5A9","Shady Lady"
"#4EABD1","Shakespeare"
"#FBFFBA","Shalimar"
"#33CC99","Shamrock"
"#25272C","Shark"
"#004950","Sherpa Blue"
"#02402C","Sherwood Green"
"#E8B9B3","Shilo"
"#6B4E31","Shingle Fawn"
"#788BBA","Ship Cove"
"#3E3A44","Ship Gray"
"#B20931","Shiraz"
"#E292C0","Shocking"
"#FC0FC0","Shocking Pink"
"#5F6672","Shuttle Gray"
"#646A54","Siam"
"#F3E7BB","Sidecar"
"#BDB1A8","Silk"
"#66B58F","Silver Tree"
"#ACACAC","Silver Chalice"
"#BFC1C2","Silver Sand"
"#C0C0C0","Silver"
"#C9C0BB","Silver Rust"
"#9FD7D3","Sinbad"
"#7A013A","Siren"
"#718080","Sirocco"
"#D3CBBA","Sisal"
"#CAE6DA","Skeptic"
"#76D7EA","Sky Blue"
"#708090","Slate Gray"
"#51808F","Smalt Blue"
"#003399","Smalt"
"#605B73","Smoky"
"#F7FAF7","Snow Drift"
"#E4FFD1","Snow Flurry"
"#D6FFDB","Snowy Mint"
"#E2D8ED","Snuff"
"#FFFBF9","Soapstone"
"#D1C6B4","Soft Amber"
"#F5EDEF","Soft Peach"
"#893843","Solid Pink"
"#FEF8E2","Solitaire"
"#EAF6FF","Solitude"
"#FD7C07","Sorbus"
"#CEB98F","Sorrell Brown"
"#6A6051","Soya Bean"
"#819885","Spanish Green"
"#2F5A57","Spectra"
"#6A442E","Spice"
"#74640D","Spicy Mustard"
"#816E71","Spicy Pink"
"#885342","Spicy Mix"
"#B6D1EA","Spindle"
"#79DEEC","Spray"
"#00FF7F","Spring Green"
"#578363","Spring Leaves"
"#ACCBB1","Spring Rain"
"#F6FFDC","Spring Sun"
"#F8F6F1","Spring Wood"
"#C1D7B0","Sprout"
"#AAABB7","Spun Pearl"
"#8F8176","Squirrel"
"#2D569B","St Tropaz"
"#8A8F8A","Stack"
"#9F9F9C","Star Dust"
"#E5D7BD","Stark White"
"#ECF245","Starship"
"#262335","Steel Gray"
"#4682B4","Steel Blue"
"#9C3336","Stiletto"
"#928573","Stonewall"
"#646463","Storm Dust"
"#717486","Storm Gray"
"#000741","Stratos"
"#D4BF8D","Straw"
"#956387","Strikemaster"
"#325D52","Stromboli"
"#714AB2","Studio"
"#BAC7C9","Submarine"
"#F9FFF6","Sugar Cane"
"#C1F07C","Sulu"
"#96BBAB","Summer Green"
"#FBAC13","Sun"
"#C9B35B","Sundance"
"#FFB1B3","Sundown"
"#E4D422","Sunflower"
"#E16865","Sunglo"
"#FFCC33","Sunglow"
"#FE4C40","Sunset Orange"
"#FF9E2C","Sunshade"
"#FFC901","Supernova"
"#CFE5D2","Surf Crest"
"#BBD7C1","Surf"
"#0C7A79","Surfie Green"
"#87AB39","Sushi"
"#888387","Suva Gray"
"#ACB78E","Swamp Green"
"#001B1C","Swamp"
"#DCF0EA","Swans Down"
"#FBEA8C","Sweet Corn"
"#FD9FA2","Sweet Pink"
"#D3CDC5","Swirl"
"#DDD6D5","Swiss Coffee"
"#908D39","Sycamore"
"#A02712","Tabasco"
"#EDB381","Tacao"
"#D6C562","Tacha"
"#E97C07","Tahiti Gold"
"#EEF0C8","Tahuna Sands"
"#B32D29","Tall Poppy"
"#A8A589","Tallow"
"#341515","Tamarind"
"#991613","Tamarillo"
"#FA9D5A","Tan Hide"
"#D2B48C","Tan"
"#D9DCC1","Tana"
"#03163C","Tangaroa"
"#F28500","Tangerine"
"#ED7A1C","Tango"
"#7B7874","Tapa"
"#B05E81","Tapestry"
"#E1F6E8","Tara"
"#073A50","Tarawera"
"#CFDCCF","Tasman"
"#B3AF95","Taupe Gray"
"#483C32","Taupe"
"#692545","Tawny Port"
"#1E433C","Te Papa Green"
"#D0F0C0","Tea Green"
"#C1BAB0","Tea"
"#B19461","Teak"
"#044259","Teal Blue"
"#008080","Teal"
"#3B000B","Temptress"
"#CD5700","Tenn"
"#FFE6C7","Tequila"
"#E2725B","Terracotta"
"#FFB555","Texas Rose"
"#F8F99C","Texas"
"#403D19","Thatch Green"
"#B69D98","Thatch"
"#CCCAA8","Thistle Green"
"#D8BFD8","Thistle"
"#33292F","Thunder"
"#C02B18","Thunderbird"
"#C1440E","Tia Maria"
"#C3D1D1","Tiara"
"#063537","Tiber"
"#FC80A5","Tickle Me Pink"
"#F1FFAD","Tidal"
"#BFB8B0","Tide"
"#16322C","Timber Green"
"#D9D6CF","Timberwolf"
"#F0EEFF","Titan White"
"#9A6E61","Toast"
"#715D47","Tobacco Brown"
"#3A0020","Toledo"
"#1B0245","Tolopea"
"#3F583B","Tom Thumb"
"#E79F8C","Tonys Pink"
"#7C778A","Topaz"
"#FD0E35","Torch Red"
"#0F2D9E","Torea Bay"
"#1450AA","Tory Blue"
"#8D3F3F","Tosca"
"#991B07","Totem Pole"
"#A9BDBF","Tower Gray"
"#5FB3AC","Tradewind"
"#E6FFFF","Tranquil"
"#FFFDE8","Travertine"
"#FC9C1D","Tree Poppy"
"#3B2820","Treehouse"
"#7C881A","Trendy Green"
"#8C6495","Trendy Pink"
"#E64E03","Trinidad"
"#00755E","Tropical Rain Forest"
"#C3DDF9","Tropical Blue"
"#4A4E5A","Trout"
"#8A73D6","True V"
"#363534","Tuatara"
"#FFDDCD","Tuft Bush"
"#EAB33B","Tulip Tree"
"#DEA681","Tumbleweed"
"#353542","Tuna"
"#4A4244","Tundora"
"#FAE600","Turbo"
"#B57281","Turkish Rose"
"#CABB48","Turmeric"
"#30D5C8","Turquoise"
"#6CDAE7","Turquoise Blue"
"#2A380B","Turtle Green"
"#BD5E2E","Tuscany"
"#EEF3C3","Tusk"
"#C5994B","Tussock"
"#FFF1F9","Tutu"
"#E4CFDE","Twilight"
"#EEFDFF","Twilight Blue"
"#C2955D","Twine"
"#66023C","Tyrian Purple"
"#120A8F","Ultramarine"
"#F9E6F4","Underage Pink"
"#D84437","Valencia"
"#350E42","Valentino"
"#2B194F","Valhalla"
"#49170C","Van Cleef"
"#D1BEA8","Vanilla"
"#F3D9DF","Vanilla Ice"
"#FFF6DF","Varden"
"#72010F","Venetian Red"
"#055989","Venice Blue"
"#928590","Venus"
"#5D5E37","Verdigris"
"#495400","Verdun Green"
"#FF4D00","Vermilion"
"#B14A0B","Vesuvius"
"#534491","Victoria"
"#549019","Vida Loca"
"#64CCDB","Viking"
"#983D61","Vin Rouge"
"#CB8FA9","Viola"
"#290C5E","Violent Violet"
"#240A40","Violet"
"#991199","Violet Eggplant"
"#F7468A","Violet Red"
"#40826D","Viridian"
"#678975","Viridian Green"
"#FFEFA1","Vis Vis"
"#8FD6B4","Vista Blue"
"#FCF8F7","Vista White"
"#803790","Vivid Violet"
"#FF9980","Vivid Tangerine"
"#533455","Voodoo"
"#10121D","Vulcan"
"#DECBC6","Wafer"
"#5A6E9C","Waikawa Gray"
"#363C0D","Waiouru"
"#773F1A","Walnut"
"#788A25","Wasabi"
"#A1E9DE","Water Leaf"
"#056F57","Watercourse"
"#7B7C94","Waterloo "
"#DCD747","Wattle"
"#FFDDCF","Watusi"
"#FFC0A8","Wax Flower"
"#F7DBE6","We Peep"
"#FFA500","Web Orange"
"#4E7F9E","Wedgewood"
"#B43332","Well Read"
"#625119","West Coast"
"#FF910F","West Side"
"#DCD9D2","Westar"
"#F19BAB","Wewak"
"#F5DEB3","Wheat"
"#F3EDCF","Wheatfield"
"#D59A6F","Whiskey"
"#F7F5FA","Whisper"
"#DDF9F1","White Ice"
"#EAE8D4","White Rock"
"#F8F0E8","White Linen"
"#F8F7FC","White Lilac"
"#FEF8FF","White Pointer"
"#FFFFFF","White"
"#7A89B8","Wild Blue Yonder"
"#ECE090","Wild Rice"
"#F4F4F4","Wild Sand"
"#FF3399","Wild Strawberry"
"#B9C46A","Wild Willow"
"#FD5B78","Wild Watermelon"
"#3A686C","William"
"#65745D","Willow Grove"
"#DFECDA","Willow Brook"
"#3C0878","Windsor"
"#591D35","Wine Berry"
"#D5D195","Winter Hazel"
"#FEF4F8","Wisp Pink"
"#9771B5","Wisteria"
"#A4A6D3","Wistful"
"#FFFC99","Witch Haze"
"#261105","Wood Bark"
"#4D5328","Woodland"
"#302A0F","Woodrush"
"#0C0D0F","Woodsmoke"
"#483131","Woody Brown"
"#738678","Xanadu"
"#716338","Yellow Metal"
"#C5E17A","Yellow Green"
"#FEA904","Yellow Sea"
"#FFAE42","Yellow Orange"
"#FFFF00","Yellow"
"#FFC3C0","Your Pink"
"#7B6608","Yukon Gold"
"#CEC291","Yuma"
"#685558","Zambezi"
"#DAECD6","Zanah"
"#E5841B","Zest"
"#292319","Zeus"
"#BFDBE2","Ziggurat"
"#EBC2AF","Zinnwaldite"
"#F4F8FF","Zircon"
"#E4D69B","Zombie"
"#A59B91","Zorba"
"#044022","Zuccini"
"#EDF6FF","Zumthor"